{"ret": 0.4347891077670486, "mtx": [[1711.9864979715774, 0.0, 468.80760524636133], [0.0, 1726.9086412301308, 292.0653204899361], [0.0, 0.0, 1.0]], "dist": [[-0.4895819516219769, -0.85723503436208, 0.0015009022781385956, 0.003982055214383648, 0.04478549443982546]], "rvecs": [[[0.09046181273883756], [-0.00885956419018166], [-1.5019224337491424]], [[0.08156730774432312], [0.01762816854212935], [-1.581535635376149]], [[0.07358724203929273], [0.035167353223017804], [-1.5612590722211095]], [[0.06833228088390106], [0.02248827418080034], [-1.553491541871865]], [[0.08963760535489111], [-0.0035363313684422673], [-1.4810813865137085]], [[0.07467435859526195], [0.012011574629915974], [-1.4987802563742867]], [[0.09810211978927945], [-0.0005473311882386064], [-1.430558808415807]], [[0.07353503424238443], [0.00518774593974143], [-1.482834211680491]], [[0.09018133350101826], [0.0067126018657113476], [-1.5772709201593997]], [[0.09259092378575776], [0.0015456940996955272], [-1.4335950295667697]], [[0.09623776456959227], [-0.0021061723677378206], [-1.5621333948331961]], [[0.06942979619056766], [0.00491807001978555], [-1.574659271705737]], [[0.0732555996884706], [0.007152202665788157], [-1.5109306367845357]], [[0.07429605885713228], [0.031286741003489486], [-1.5548056782539295]], [[0.0756826500713973], [0.009777908638380312], [-1.5060533869359358]], [[0.0758909565073076], [0.008706288228794396], [-1.5121130962409757]], [[0.07350940268300242], [0.022354541445002023], [-1.542284485268617]], [[0.06334286149211617], [0.017611548385483948], [-1.5824887093396884]], [[0.08959123393549141], [-0.0030853240308757763], [-1.481078104937767]], [[0.08948056102725246], [-0.003947485212350205], [-1.4811278496940181]], [[0.07640762806977697], [0.008514287151440321], [-1.5109138277912304]], [[0.07399758767147169], [0.011442572321754971], [-1.586987361605906]], [[0.07204624856489018], [0.030982299060686322], [-1.5642084058831962]]], "tvecs": [[[-0.0028467728460701103], [0.0019554540607230686], [0.014427119900287054]], [[-0.001589425290006452], [0.0012924453426990936], [0.014501035774854171]], [[-0.0006648674202369536], [0.0014111773936462864], [0.014524364943593824]], [[-0.00077945959599523], [0.001573279762895338], [0.01449452831148643]], [[-0.0020446795800870207], [0.0016506147262412318], [0.014433933371958507]], [[-0.0012952198592331844], [0.0018510551005693763], [0.014485143608887908]], [[-0.002635913695333476], [0.0013835370957453233], [0.014423733064996915]], [[-0.0013531180433340045], [0.002085834272039849], [0.01446579103933351]], [[-0.002645705909831102], [0.001426969171094232], [0.014462967645228949]], [[-0.0021478619341755187], [0.0014806642864890974], [0.014441897729436227]], [[-0.003007810366159845], [0.0016704086778029264], [0.014426631944313]], [[-0.00161018754389965], [0.0018040317427203414], [0.014486111364755491]], [[-0.0012960046374180414], [0.0020579214570796696], [0.014480669991884406]], [[-0.0006716370447989527], [0.0013948366519719627], [0.014502598331245864]], [[-0.0014786823028785853], [0.0020174332559586665], [0.014483748133554943]], [[-0.0012694356134081049], [0.0020397659647478365], [0.014482711910863356]], [[-0.0008767207798804135], [0.0019797658801489434], [0.014496546907654909]], [[-0.0007799126576972504], [0.0017303560510953616], [0.014493972785920635]], [[-0.002044653055290035], [0.0016506072858492565], [0.014435241913951676]], [[-0.0020441717442952227], [0.001652829508788171], [0.01443346938188688]], [[-0.0012809802664887418], [0.0020415807733669376], [0.014479948743903966]], [[-0.0017514317655115369], [0.0014142997947832585], [0.014495239302382059]], [[-0.0007668790043704496], [0.0016131607749870073], [0.014523589115122176]]]}